type,distance_m,occluded,truncated,num_lidar_pts,iou_3d_proj,iou_tight_lidar,gt_x1,gt_y1,gt_x2,gt_y2,dataset,frame,yaw_deg,keep_ratio,perturb_type
Truck,69.46,0,0.0,70,0.9379,0.7958,599.4,156.4,629.8,189.2,kitti_mini,000001,0.0,1.0,baseline
Car,60.83,0,0.0,9,0.9806,0.0536,387.6,181.5,423.8,203.1,kitti_mini,000001,0.0,1.0,baseline
Cyclist,46.09,3,0.0,18,0.9599,0.5903,676.6,164.0,689.0,193.9,kitti_mini,000001,0.0,1.0,baseline
Truck,69.46,0,0.0,70,0.7885,0.6752,599.4,156.4,629.8,189.2,kitti_mini,000001,0.25,1.0,yaw_0.25deg
Car,60.83,0,0.0,9,0.8218,0.0538,387.6,181.5,423.8,203.1,kitti_mini,000001,0.25,1.0,yaw_0.25deg
Cyclist,46.09,3,0.0,18,0.5869,0.3892,676.6,164.0,689.0,193.9,kitti_mini,000001,0.25,1.0,yaw_0.25deg
Truck,69.46,0,0.0,70,0.6376,0.5511,599.4,156.4,629.8,189.2,kitti_mini,000001,0.5,1.0,yaw_0.5deg
Car,60.83,0,0.0,9,0.677,0.0541,387.6,181.5,423.8,203.1,kitti_mini,000001,0.5,1.0,yaw_0.5deg
Cyclist,46.09,3,0.0,18,0.3149,0.186,676.6,164.0,689.0,193.9,kitti_mini,000001,0.5,1.0,yaw_0.5deg
Truck,69.46,0,0.0,70,0.4018,0.351,599.4,156.4,629.8,189.2,kitti_mini,000001,1.0,1.0,yaw_1.0deg
Car,60.83,0,0.0,9,0.4457,0.0198,387.6,181.5,423.8,203.1,kitti_mini,000001,1.0,1.0,yaw_1.0deg
Cyclist,46.09,3,0.0,18,0.0,0.0,676.6,164.0,689.0,193.9,kitti_mini,000001,1.0,1.0,yaw_1.0deg
Truck,69.46,0,0.0,70,0.226,0.1967,599.4,156.4,629.8,189.2,kitti_mini,000001,1.5,1.0,yaw_1.5deg
Car,60.83,0,0.0,9,0.2715,0.0,387.6,181.5,423.8,203.1,kitti_mini,000001,1.5,1.0,yaw_1.5deg
Cyclist,46.09,3,0.0,18,0.0,0.0,676.6,164.0,689.0,193.9,kitti_mini,000001,1.5,1.0,yaw_1.5deg
Truck,69.46,0,0.0,70,0.0899,0.074,599.4,156.4,629.8,189.2,kitti_mini,000001,2.0,1.0,yaw_2.0deg
Car,60.83,0,0.0,9,0.136,0.0,387.6,181.5,423.8,203.1,kitti_mini,000001,2.0,1.0,yaw_2.0deg
Cyclist,46.09,3,0.0,18,0.0,0.0,676.6,164.0,689.0,193.9,kitti_mini,000001,2.0,1.0,yaw_2.0deg
Truck,69.46,0,0.0,70,0.0,0.0,599.4,156.4,629.8,189.2,kitti_mini,000001,3.0,1.0,yaw_3.0deg
Car,60.83,0,0.0,9,0.0,0.0,387.6,181.5,423.8,203.1,kitti_mini,000001,3.0,1.0,yaw_3.0deg
Cyclist,46.09,3,0.0,18,0.0,0.0,676.6,164.0,689.0,193.9,kitti_mini,000001,3.0,1.0,yaw_3.0deg
Truck,69.46,0,0.0,53,0.9379,0.7958,599.4,156.4,629.8,189.2,kitti_mini,000001,0.0,0.8,dropout_19pct
Car,60.83,0,0.0,4,0.9806,0.0249,387.6,181.5,423.8,203.1,kitti_mini,000001,0.0,0.8,dropout_19pct
Cyclist,46.09,3,0.0,13,0.9599,0.5687,676.6,164.0,689.0,193.9,kitti_mini,000001,0.0,0.8,dropout_19pct
Truck,69.46,0,0.0,44,0.9379,0.7958,599.4,156.4,629.8,189.2,kitti_mini,000001,0.0,0.6,dropout_40pct
Car,60.83,0,0.0,3,0.9806,0.0249,387.6,181.5,423.8,203.1,kitti_mini,000001,0.0,0.6,dropout_40pct
Cyclist,46.09,3,0.0,9,0.9599,0.5687,676.6,164.0,689.0,193.9,kitti_mini,000001,0.0,0.6,dropout_40pct
Truck,69.46,0,0.0,32,0.9379,0.777,599.4,156.4,629.8,189.2,kitti_mini,000001,0.0,0.4,dropout_60pct
Car,60.83,0,0.0,1,0.9806,0.0,387.6,181.5,423.8,203.1,kitti_mini,000001,0.0,0.4,dropout_60pct
Cyclist,46.09,3,0.0,7,0.9599,0.4433,676.6,164.0,689.0,193.9,kitti_mini,000001,0.0,0.4,dropout_60pct
Truck,69.46,0,0.0,16,0.9379,0.6145,599.4,156.4,629.8,189.2,kitti_mini,000001,0.0,0.2,dropout_80pct
Car,60.83,0,0.0,0,0.9806,0.0,387.6,181.5,423.8,203.1,kitti_mini,000001,0.0,0.2,dropout_80pct
Cyclist,46.09,3,0.0,5,0.9599,0.2034,676.6,164.0,689.0,193.9,kitti_mini,000001,0.0,0.2,dropout_80pct
Car,41.42,0,0.0,77,0.9801,0.5326,280.4,185.1,344.9,215.6,kitti_mini,000004,0.0,1.0,baseline
Car,53.63,0,0.0,26,0.9797,0.4023,365.1,184.5,406.1,205.2,kitti_mini,000004,0.0,1.0,baseline
Car,41.42,0,0.0,77,0.879,0.5357,280.4,185.1,344.9,215.6,kitti_mini,000004,0.25,1.0,yaw_0.25deg
Car,53.63,0,0.0,26,0.8342,0.4002,365.1,184.5,406.1,205.2,kitti_mini,000004,0.25,1.0,yaw_0.25deg
Car,41.42,0,0.0,77,0.7818,0.5157,280.4,185.1,344.9,215.6,kitti_mini,000004,0.5,1.0,yaw_0.5deg
Car,53.63,0,0.0,26,0.7015,0.3483,365.1,184.5,406.1,205.2,kitti_mini,000004,0.5,1.0,yaw_0.5deg
Car,41.42,0,0.0,77,0.6151,0.4155,280.4,185.1,344.9,215.6,kitti_mini,000004,1.0,1.0,yaw_1.0deg
Car,53.63,0,0.0,26,0.4846,0.2548,365.1,184.5,406.1,205.2,kitti_mini,000004,1.0,1.0,yaw_1.0deg
Car,41.42,0,0.0,77,0.4775,0.3272,280.4,185.1,344.9,215.6,kitti_mini,000004,1.5,1.0,yaw_1.5deg
Car,53.63,0,0.0,26,0.3177,0.173,365.1,184.5,406.1,205.2,kitti_mini,000004,1.5,1.0,yaw_1.5deg
Car,41.42,0,0.0,77,0.3606,0.2486,280.4,185.1,344.9,215.6,kitti_mini,000004,2.0,1.0,yaw_2.0deg
Car,53.63,0,0.0,26,0.1859,0.1006,365.1,184.5,406.1,205.2,kitti_mini,000004,2.0,1.0,yaw_2.0deg
Car,41.42,0,0.0,77,0.1772,0.1151,280.4,185.1,344.9,215.6,kitti_mini,000004,3.0,1.0,yaw_3.0deg
Car,53.63,0,0.0,26,0.0,0.0,365.1,184.5,406.1,205.2,kitti_mini,000004,3.0,1.0,yaw_3.0deg
Car,41.42,0,0.0,59,0.9801,0.5326,280.4,185.1,344.9,215.6,kitti_mini,000004,0.0,0.8,dropout_19pct
Car,53.63,0,0.0,23,0.9797,0.4023,365.1,184.5,406.1,205.2,kitti_mini,000004,0.0,0.8,dropout_19pct
Car,41.42,0,0.0,46,0.9801,0.5307,280.4,185.1,344.9,215.6,kitti_mini,000004,0.0,0.6,dropout_40pct
Car,53.63,0,0.0,20,0.9797,0.4023,365.1,184.5,406.1,205.2,kitti_mini,000004,0.0,0.6,dropout_40pct
Car,41.42,0,0.0,29,0.9801,0.4157,280.4,185.1,344.9,215.6,kitti_mini,000004,0.0,0.4,dropout_60pct
Car,53.63,0,0.0,12,0.9797,0.3628,365.1,184.5,406.1,205.2,kitti_mini,000004,0.0,0.4,dropout_60pct
Car,41.42,0,0.0,17,0.9801,0.4157,280.4,185.1,344.9,215.6,kitti_mini,000004,0.0,0.2,dropout_80pct
Car,53.63,0,0.0,6,0.9797,0.2781,365.1,184.5,406.1,205.2,kitti_mini,000004,0.0,0.2,dropout_80pct
Car,25.08,0,0.0,191,0.9667,0.8473,564.6,174.6,616.4,224.7,kitti_mini,000007,0.0,1.0,baseline
Car,48.16,0,0.0,19,0.972,0.3415,481.6,180.1,512.6,202.4,kitti_mini,000007,0.0,1.0,baseline
Car,60.73,0,0.0,5,0.9732,0.0051,542.0,175.6,565.3,193.8,kitti_mini,000007,0.0,1.0,baseline
Cyclist,36.4,0,0.0,25,0.9791,0.5168,330.6,176.1,355.6,213.6,kitti_mini,000007,0.0,1.0,baseline
Car,25.08,0,0.0,191,0.8899,0.8,564.6,174.6,616.4,224.7,kitti_mini,000007,0.25,1.0,yaw_0.25deg
Car,48.16,0,0.0,19,0.8004,0.3018,481.6,180.1,512.6,202.4,kitti_mini,000007,0.25,1.0,yaw_0.25deg
Car,60.73,0,0.0,5,0.748,0.0044,542.0,175.6,565.3,193.8,kitti_mini,000007,0.25,1.0,yaw_0.25deg
Cyclist,36.4,0,0.0,25,0.7438,0.5194,330.6,176.1,355.6,213.6,kitti_mini,000007,0.25,1.0,yaw_0.25deg
Car,25.08,0,0.0,191,0.7849,0.708,564.6,174.6,616.4,224.7,kitti_mini,000007,0.5,1.0,yaw_0.5deg
Car,48.16,0,0.0,19,0.645,0.2539,481.6,180.1,512.6,202.4,kitti_mini,000007,0.5,1.0,yaw_0.5deg
Car,60.73,0,0.0,5,0.5605,0.0031,542.0,175.6,565.3,193.8,kitti_mini,000007,0.5,1.0,yaw_0.5deg
Cyclist,36.4,0,0.0,25,0.5474,0.4698,330.6,176.1,355.6,213.6,kitti_mini,000007,0.5,1.0,yaw_0.5deg
Car,25.08,0,0.0,191,0.6068,0.5496,564.6,174.6,616.4,224.7,kitti_mini,000007,1.0,1.0,yaw_1.0deg
Car,48.16,0,0.0,19,0.4031,0.1678,481.6,180.1,512.6,202.4,kitti_mini,000007,1.0,1.0,yaw_1.0deg
Car,60.73,0,0.0,5,0.2862,0.0006,542.0,175.6,565.3,193.8,kitti_mini,000007,1.0,1.0,yaw_1.0deg
Cyclist,36.4,0,0.0,25,0.264,0.1766,330.6,176.1,355.6,213.6,kitti_mini,000007,1.0,1.0,yaw_1.0deg
Car,25.08,0,0.0,191,0.4615,0.4181,564.6,174.6,616.4,224.7,kitti_mini,000007,1.5,1.0,yaw_1.5deg
Car,48.16,0,0.0,19,0.2235,0.0924,481.6,180.1,512.6,202.4,kitti_mini,000007,1.5,1.0,yaw_1.5deg
Car,60.73,0,0.0,5,0.0952,0.0,542.0,175.6,565.3,193.8,kitti_mini,000007,1.5,1.0,yaw_1.5deg
Cyclist,36.4,0,0.0,25,0.0695,0.0,330.6,176.1,355.6,213.6,kitti_mini,000007,1.5,1.0,yaw_1.5deg
Car,25.08,0,0.0,191,0.3406,0.3071,564.6,174.6,616.4,224.7,kitti_mini,000007,2.0,1.0,yaw_2.0deg
Car,48.16,0,0.0,19,0.0848,0.0259,481.6,180.1,512.6,202.4,kitti_mini,000007,2.0,1.0,yaw_2.0deg
Car,60.73,0,0.0,5,0.0,0.0,542.0,175.6,565.3,193.8,kitti_mini,000007,2.0,1.0,yaw_2.0deg
Cyclist,36.4,0,0.0,25,0.0,0.0,330.6,176.1,355.6,213.6,kitti_mini,000007,2.0,1.0,yaw_2.0deg
Car,25.08,0,0.0,191,0.1513,0.13,564.6,174.6,616.4,224.7,kitti_mini,000007,3.0,1.0,yaw_3.0deg
Car,48.16,0,0.0,19,0.0,0.0,481.6,180.1,512.6,202.4,kitti_mini,000007,3.0,1.0,yaw_3.0deg
Car,60.73,0,0.0,5,0.0,0.0,542.0,175.6,565.3,193.8,kitti_mini,000007,3.0,1.0,yaw_3.0deg
Cyclist,36.4,0,0.0,25,0.0,0.0,330.6,176.1,355.6,213.6,kitti_mini,000007,3.0,1.0,yaw_3.0deg
Car,25.08,0,0.0,151,0.9667,0.8347,564.6,174.6,616.4,224.7,kitti_mini,000007,0.0,0.8,dropout_19pct
Car,48.16,0,0.0,14,0.972,0.3415,481.6,180.1,512.6,202.4,kitti_mini,000007,0.0,0.8,dropout_19pct
Car,60.73,0,0.0,5,0.9732,0.0051,542.0,175.6,565.3,193.8,kitti_mini,000007,0.0,0.8,dropout_19pct
Cyclist,36.4,0,0.0,18,0.9791,0.4209,330.6,176.1,355.6,213.6,kitti_mini,000007,0.0,0.8,dropout_19pct
Car,25.08,0,0.0,111,0.9667,0.8347,564.6,174.6,616.4,224.7,kitti_mini,000007,0.0,0.6,dropout_40pct
Car,48.16,0,0.0,12,0.972,0.3415,481.6,180.1,512.6,202.4,kitti_mini,000007,0.0,0.6,dropout_40pct
Car,60.73,0,0.0,5,0.9732,0.0051,542.0,175.6,565.3,193.8,kitti_mini,000007,0.0,0.6,dropout_40pct
Cyclist,36.4,0,0.0,11,0.9791,0.2051,330.6,176.1,355.6,213.6,kitti_mini,000007,0.0,0.6,dropout_40pct
Car,25.08,0,0.0,75,0.9667,0.8346,564.6,174.6,616.4,224.7,kitti_mini,000007,0.0,0.4,dropout_60pct
Car,48.16,0,0.0,10,0.972,0.3415,481.6,180.1,512.6,202.4,kitti_mini,000007,0.0,0.4,dropout_60pct
Car,60.73,0,0.0,2,0.9732,0.0002,542.0,175.6,565.3,193.8,kitti_mini,000007,0.0,0.4,dropout_60pct
Cyclist,36.4,0,0.0,9,0.9791,0.2012,330.6,176.1,355.6,213.6,kitti_mini,000007,0.0,0.4,dropout_60pct
Car,25.08,0,0.0,40,0.9667,0.8322,564.6,174.6,616.4,224.7,kitti_mini,000007,0.0,0.2,dropout_80pct
Car,48.16,0,0.0,6,0.972,0.1178,481.6,180.1,512.6,202.4,kitti_mini,000007,0.0,0.2,dropout_80pct
Car,60.73,0,0.0,1,0.9732,0.0,542.0,175.6,565.3,193.8,kitti_mini,000007,0.0,0.2,dropout_80pct
Cyclist,36.4,0,0.0,8,0.9791,0.1919,330.6,176.1,355.6,213.6,kitti_mini,000007,0.0,0.2,dropout_80pct
Car,4.88,3,0.88,6237,0.0014,0.8939,0.0,192.4,402.3,374.0,kitti_mini,000008,0.0,1.0,baseline
Car,8.12,1,0.0,1940,0.9327,0.8761,334.8,178.9,624.5,372.0,kitti_mini,000008,0.0,1.0,baseline
Car,7.42,3,0.34,1041,0.3762,0.8578,937.3,197.4,1241.0,374.0,kitti_mini,000008,0.0,1.0,baseline
Car,14.56,1,0.0,668,0.974,0.8529,597.6,176.2,720.9,261.1,kitti_mini,000008,0.0,1.0,baseline
Car,34.02,0,0.0,53,0.9648,0.6893,741.2,168.8,792.2,208.4,kitti_mini,000008,0.0,1.0,baseline
Car,21.76,0,0.0,164,0.9711,0.7309,884.5,178.3,956.4,240.2,kitti_mini,000008,0.0,1.0,baseline
Car,4.88,3,0.88,6237,0.0016,0.8862,0.0,192.4,402.3,374.0,kitti_mini,000008,0.25,1.0,yaw_0.25deg
Car,8.12,1,0.0,1940,0.919,0.8784,334.8,178.9,624.5,372.0,kitti_mini,000008,0.25,1.0,yaw_0.25deg
Car,7.42,3,0.34,1041,0.3652,0.8698,937.3,197.4,1241.0,374.0,kitti_mini,000008,0.25,1.0,yaw_0.25deg
Car,14.56,1,0.0,668,0.9369,0.8524,597.6,176.2,720.9,261.1,kitti_mini,000008,0.25,1.0,yaw_0.25deg
Car,34.02,0,0.0,53,0.8643,0.6874,741.2,168.8,792.2,208.4,kitti_mini,000008,0.25,1.0,yaw_0.25deg
Car,21.76,0,0.0,164,0.8968,0.7267,884.5,178.3,956.4,240.2,kitti_mini,000008,0.25,1.0,yaw_0.25deg
Car,4.88,3,0.88,6237,0.0017,0.8762,0.0,192.4,402.3,374.0,kitti_mini,000008,0.5,1.0,yaw_0.5deg
Car,8.12,1,0.0,1940,0.8996,0.8809,334.8,178.9,624.5,372.0,kitti_mini,000008,0.5,1.0,yaw_0.5deg
Car,7.42,3,0.34,1041,0.3495,0.8804,937.3,197.4,1241.0,374.0,kitti_mini,000008,0.5,1.0,yaw_0.5deg
Car,14.56,1,0.0,668,0.8889,0.852,597.6,176.2,720.9,261.1,kitti_mini,000008,0.5,1.0,yaw_0.5deg
Car,34.02,0,0.0,53,0.7576,0.5992,741.2,168.8,792.2,208.4,kitti_mini,000008,0.5,1.0,yaw_0.5deg
Car,21.76,0,0.0,164,0.8079,0.6922,884.5,178.3,956.4,240.2,kitti_mini,000008,0.5,1.0,yaw_0.5deg
Car,4.88,3,0.88,6237,0.002,0.8573,0.0,192.4,402.3,374.0,kitti_mini,000008,1.0,1.0,yaw_1.0deg
Car,8.12,1,0.0,1940,0.8618,0.8859,334.8,178.9,624.5,372.0,kitti_mini,000008,1.0,1.0,yaw_1.0deg
Car,7.42,3,0.34,1041,0.3195,0.8758,937.3,197.4,1241.0,374.0,kitti_mini,000008,1.0,1.0,yaw_1.0deg
Car,14.56,1,0.0,668,0.7996,0.7701,597.6,176.2,720.9,261.1,kitti_mini,000008,1.0,1.0,yaw_1.0deg
Car,34.02,0,0.0,53,0.5775,0.4401,741.2,168.8,792.2,208.4,kitti_mini,000008,1.0,1.0,yaw_1.0deg
Car,21.76,0,0.0,164,0.6513,0.5546,884.5,178.3,956.4,240.2,kitti_mini,000008,1.0,1.0,yaw_1.0deg
Car,4.88,3,0.88,6237,0.0023,0.8409,0.0,192.4,402.3,374.0,kitti_mini,000008,1.5,1.0,yaw_1.5deg
Car,8.12,1,0.0,1940,0.8254,0.8841,334.8,178.9,624.5,372.0,kitti_mini,000008,1.5,1.0,yaw_1.5deg
Car,7.42,3,0.34,1041,0.2911,0.8241,937.3,197.4,1241.0,374.0,kitti_mini,000008,1.5,1.0,yaw_1.5deg
Car,14.56,1,0.0,668,0.7185,0.6916,597.6,176.2,720.9,261.1,kitti_mini,000008,1.5,1.0,yaw_1.5deg
Car,34.02,0,0.0,53,0.4312,0.3101,741.2,168.8,792.2,208.4,kitti_mini,000008,1.5,1.0,yaw_1.5deg
Car,21.76,0,0.0,164,0.5195,0.4384,884.5,178.3,956.4,240.2,kitti_mini,000008,1.5,1.0,yaw_1.5deg
Car,4.88,3,0.88,6237,0.0026,0.8232,0.0,192.4,402.3,374.0,kitti_mini,000008,2.0,1.0,yaw_2.0deg
Car,8.12,1,0.0,1940,0.7901,0.8427,334.8,178.9,624.5,372.0,kitti_mini,000008,2.0,1.0,yaw_2.0deg
Car,7.42,3,0.34,1041,0.6722,0.7753,937.3,197.4,1241.0,374.0,kitti_mini,000008,2.0,1.0,yaw_2.0deg
Car,14.56,1,0.0,668,0.6444,0.6199,597.6,176.2,720.9,261.1,kitti_mini,000008,2.0,1.0,yaw_2.0deg
Car,34.02,0,0.0,53,0.3101,0.202,741.2,168.8,792.2,208.4,kitti_mini,000008,2.0,1.0,yaw_2.0deg
Car,21.76,0,0.0,164,0.407,0.3389,884.5,178.3,956.4,240.2,kitti_mini,000008,2.0,1.0,yaw_2.0deg
Car,4.88,3,0.88,6237,0.0032,0.7849,0.0,192.4,402.3,374.0,kitti_mini,000008,3.0,1.0,yaw_3.0deg
Car,8.12,1,0.0,1940,0.7226,0.765,334.8,178.9,624.5,372.0,kitti_mini,000008,3.0,1.0,yaw_3.0deg
Car,7.42,3,0.34,1041,0.5957,0.6852,937.3,197.4,1241.0,374.0,kitti_mini,000008,3.0,1.0,yaw_3.0deg
Car,14.56,1,0.0,668,0.5141,0.4934,597.6,176.2,720.9,261.1,kitti_mini,000008,3.0,1.0,yaw_3.0deg
Car,34.02,0,0.0,53,0.1213,0.0323,741.2,168.8,792.2,208.4,kitti_mini,000008,3.0,1.0,yaw_3.0deg
Car,21.76,0,0.0,164,0.2243,0.1775,884.5,178.3,956.4,240.2,kitti_mini,000008,3.0,1.0,yaw_3.0deg
Car,4.88,3,0.88,5033,0.0014,0.8937,0.0,192.4,402.3,374.0,kitti_mini,000008,0.0,0.8,dropout_19pct
Car,8.12,1,0.0,1548,0.9327,0.8593,334.8,178.9,624.5,372.0,kitti_mini,000008,0.0,0.8,dropout_19pct
Car,7.42,3,0.34,831,0.3762,0.8578,937.3,197.4,1241.0,374.0,kitti_mini,000008,0.0,0.8,dropout_19pct
Car,14.56,1,0.0,543,0.974,0.8529,597.6,176.2,720.9,261.1,kitti_mini,000008,0.0,0.8,dropout_19pct
Car,34.02,0,0.0,41,0.9648,0.4397,741.2,168.8,792.2,208.4,kitti_mini,000008,0.0,0.8,dropout_19pct
Car,21.76,0,0.0,135,0.9711,0.7303,884.5,178.3,956.4,240.2,kitti_mini,000008,0.0,0.8,dropout_19pct
Car,4.88,3,0.88,3770,0.0014,0.8876,0.0,192.4,402.3,374.0,kitti_mini,000008,0.0,0.6,dropout_40pct
Car,8.12,1,0.0,1184,0.9327,0.859,334.8,178.9,624.5,372.0,kitti_mini,000008,0.0,0.6,dropout_40pct
Car,7.42,3,0.34,595,0.3762,0.8562,937.3,197.4,1241.0,374.0,kitti_mini,000008,0.0,0.6,dropout_40pct
Car,14.56,1,0.0,415,0.974,0.8529,597.6,176.2,720.9,261.1,kitti_mini,000008,0.0,0.6,dropout_40pct
Car,34.02,0,0.0,28,0.9648,0.4397,741.2,168.8,792.2,208.4,kitti_mini,000008,0.0,0.6,dropout_40pct
Car,21.76,0,0.0,107,0.9711,0.7221,884.5,178.3,956.4,240.2,kitti_mini,000008,0.0,0.6,dropout_40pct
Car,4.88,3,0.88,2500,0.0014,0.8875,0.0,192.4,402.3,374.0,kitti_mini,000008,0.0,0.4,dropout_60pct
Car,8.12,1,0.0,791,0.9327,0.8482,334.8,178.9,624.5,372.0,kitti_mini,000008,0.0,0.4,dropout_60pct
Car,7.42,3,0.34,392,0.3762,0.8562,937.3,197.4,1241.0,374.0,kitti_mini,000008,0.0,0.4,dropout_60pct
Car,14.56,1,0.0,266,0.974,0.7924,597.6,176.2,720.9,261.1,kitti_mini,000008,0.0,0.4,dropout_60pct
Car,34.02,0,0.0,18,0.9648,0.331,741.2,168.8,792.2,208.4,kitti_mini,000008,0.0,0.4,dropout_60pct
Car,21.76,0,0.0,73,0.9711,0.7221,884.5,178.3,956.4,240.2,kitti_mini,000008,0.0,0.4,dropout_60pct
Car,4.88,3,0.88,1239,0.0014,0.8748,0.0,192.4,402.3,374.0,kitti_mini,000008,0.0,0.2,dropout_80pct
Car,8.12,1,0.0,413,0.9327,0.8409,334.8,178.9,624.5,372.0,kitti_mini,000008,0.0,0.2,dropout_80pct
Car,7.42,3,0.34,188,0.3762,0.8531,937.3,197.4,1241.0,374.0,kitti_mini,000008,0.0,0.2,dropout_80pct
Car,14.56,1,0.0,131,0.974,0.7694,597.6,176.2,720.9,261.1,kitti_mini,000008,0.0,0.2,dropout_80pct
Car,34.02,0,0.0,8,0.9648,0.2606,741.2,168.8,792.2,208.4,kitti_mini,000008,0.0,0.2,dropout_80pct
Car,21.76,0,0.0,39,0.9711,0.6916,884.5,178.3,956.4,240.2,kitti_mini,000008,0.0,0.2,dropout_80pct
Car,23.95,0,0.0,219,0.9692,0.7892,602.0,177.0,659.2,229.5,kitti_mini,000009,0.0,1.0,baseline
Car,66.4,2,0.0,4,0.9805,0.1629,600.1,177.1,624.6,193.3,kitti_mini,000009,0.0,1.0,baseline
Car,68.31,0,0.0,1,0.9766,0.0,575.0,178.6,598.4,194.0,kitti_mini,000009,0.0,1.0,baseline
Car,23.95,0,0.0,219,0.889,0.7789,602.0,177.0,659.2,229.5,kitti_mini,000009,0.25,1.0,yaw_0.25deg
Car,66.4,2,0.0,4,0.7708,0.1629,600.1,177.1,624.6,193.3,kitti_mini,000009,0.25,1.0,yaw_0.25deg
Car,68.31,0,0.0,1,0.7552,0.0,575.0,178.6,598.4,194.0,kitti_mini,000009,0.25,1.0,yaw_0.25deg
Car,23.95,0,0.0,219,0.7932,0.699,602.0,177.0,659.2,229.5,kitti_mini,000009,0.5,1.0,yaw_0.5deg
Car,66.4,2,0.0,4,0.5884,0.1455,600.1,177.1,624.6,193.3,kitti_mini,000009,0.5,1.0,yaw_0.5deg
Car,68.31,0,0.0,1,0.5701,0.0,575.0,178.6,598.4,194.0,kitti_mini,000009,0.5,1.0,yaw_0.5deg
Car,23.95,0,0.0,219,0.6285,0.559,602.0,177.0,659.2,229.5,kitti_mini,000009,1.0,1.0,yaw_1.0deg
Car,66.4,2,0.0,4,0.3185,0.0692,600.1,177.1,624.6,193.3,kitti_mini,000009,1.0,1.0,yaw_1.0deg
Car,68.31,0,0.0,1,0.2964,0.0,575.0,178.6,598.4,194.0,kitti_mini,000009,1.0,1.0,yaw_1.0deg
Car,23.95,0,0.0,219,0.4917,0.4403,602.0,177.0,659.2,229.5,kitti_mini,000009,1.5,1.0,yaw_1.5deg
Car,66.4,2,0.0,4,0.1283,0.0025,600.1,177.1,624.6,193.3,kitti_mini,000009,1.5,1.0,yaw_1.5deg
Car,68.31,0,0.0,1,0.1038,0.0,575.0,178.6,598.4,194.0,kitti_mini,000009,1.5,1.0,yaw_1.5deg
Car,23.95,0,0.0,219,0.3764,0.3385,602.0,177.0,659.2,229.5,kitti_mini,000009,2.0,1.0,yaw_2.0deg
Car,66.4,2,0.0,4,0.0,0.0,600.1,177.1,624.6,193.3,kitti_mini,000009,2.0,1.0,yaw_2.0deg
Car,68.31,0,0.0,1,0.0,0.0,575.0,178.6,598.4,194.0,kitti_mini,000009,2.0,1.0,yaw_2.0deg
Car,23.95,0,0.0,219,0.1928,0.1727,602.0,177.0,659.2,229.5,kitti_mini,000009,3.0,1.0,yaw_3.0deg
Car,66.4,2,0.0,4,0.0,0.0,600.1,177.1,624.6,193.3,kitti_mini,000009,3.0,1.0,yaw_3.0deg
Car,68.31,0,0.0,1,0.0,0.0,575.0,178.6,598.4,194.0,kitti_mini,000009,3.0,1.0,yaw_3.0deg
Car,23.95,0,0.0,190,0.9692,0.7892,602.0,177.0,659.2,229.5,kitti_mini,000009,0.0,0.8,dropout_19pct
Car,66.4,2,0.0,3,0.9805,0.1629,600.1,177.1,624.6,193.3,kitti_mini,000009,0.0,0.8,dropout_19pct
Car,68.31,0,0.0,1,0.9766,0.0,575.0,178.6,598.4,194.0,kitti_mini,000009,0.0,0.8,dropout_19pct
Car,23.95,0,0.0,140,0.9692,0.7878,602.0,177.0,659.2,229.5,kitti_mini,000009,0.0,0.6,dropout_40pct
Car,66.4,2,0.0,3,0.9805,0.1629,600.1,177.1,624.6,193.3,kitti_mini,000009,0.0,0.6,dropout_40pct
Car,68.31,0,0.0,0,0.9766,0.0,575.0,178.6,598.4,194.0,kitti_mini,000009,0.0,0.6,dropout_40pct
Car,23.95,0,0.0,96,0.9692,0.7791,602.0,177.0,659.2,229.5,kitti_mini,000009,0.0,0.4,dropout_60pct
Car,66.4,2,0.0,1,0.9805,0.0,600.1,177.1,624.6,193.3,kitti_mini,000009,0.0,0.4,dropout_60pct
Car,68.31,0,0.0,0,0.9766,0.0,575.0,178.6,598.4,194.0,kitti_mini,000009,0.0,0.4,dropout_60pct
Car,23.95,0,0.0,54,0.9692,0.775,602.0,177.0,659.2,229.5,kitti_mini,000009,0.0,0.2,dropout_80pct
Car,66.4,2,0.0,0,0.9805,0.0,600.1,177.1,624.6,193.3,kitti_mini,000009,0.0,0.2,dropout_80pct
Car,68.31,0,0.0,0,0.9766,0.0,575.0,178.6,598.4,194.0,kitti_mini,000009,0.0,0.2,dropout_80pct
Car,7.03,0,0.8,1645,0.7229,0.8565,1013.4,182.5,1241.0,374.0,kitti_mini,000010,0.0,1.0,baseline
Car,12.15,0,0.0,1016,0.973,0.8141,354.4,185.5,549.5,294.5,kitti_mini,000010,0.0,1.0,baseline
Pedestrian,24.99,2,0.0,23,0.6919,0.2079,859.5,159.8,879.7,221.4,kitti_mini,000010,0.0,1.0,baseline
Car,17.58,0,0.0,340,0.9665,0.7662,819.6,178.1,926.8,251.6,kitti_mini,000010,0.0,1.0,baseline
Car,23.15,2,0.0,48,0.9658,0.5467,800.5,178.1,878.8,230.6,kitti_mini,000010,0.0,1.0,baseline
Car,23.71,0,0.0,246,0.9737,0.8163,558.6,179.0,635.0,230.6,kitti_mini,000010,0.0,1.0,baseline
Car,29.13,2,0.0,55,0.9702,0.5149,598.3,178.7,652.2,218.2,kitti_mini,000010,0.0,1.0,baseline
Car,29.65,1,0.0,33,0.9696,0.5076,784.6,178.0,840.0,220.1,kitti_mini,000010,0.0,1.0,baseline
Car,43.12,1,0.0,20,0.9732,0.5764,663.7,175.4,707.2,204.2,kitti_mini,000010,0.0,1.0,baseline
Car,7.03,0,0.8,1645,0.7007,0.8734,1013.4,182.5,1241.0,374.0,kitti_mini,000010,0.25,1.0,yaw_0.25deg
Car,12.15,0,0.0,1016,0.9473,0.817,354.4,185.5,549.5,294.5,kitti_mini,000010,0.25,1.0,yaw_0.25deg
Pedestrian,24.99,2,0.0,23,0.6137,0.2069,859.5,159.8,879.7,221.4,kitti_mini,000010,0.25,1.0,yaw_0.25deg
Car,17.58,0,0.0,340,0.9219,0.7624,819.6,178.1,926.8,251.6,kitti_mini,000010,0.25,1.0,yaw_0.25deg
Car,23.15,2,0.0,48,0.9055,0.5445,800.5,178.1,878.8,230.6,kitti_mini,000010,0.25,1.0,yaw_0.25deg
Car,23.71,0,0.0,246,0.909,0.8166,558.6,179.0,635.0,230.6,kitti_mini,000010,0.25,1.0,yaw_0.25deg
Car,29.13,2,0.0,55,0.8817,0.5147,598.3,178.7,652.2,218.2,kitti_mini,000010,0.25,1.0,yaw_0.25deg
Car,29.65,1,0.0,33,0.8749,0.497,784.6,178.0,840.0,220.1,kitti_mini,000010,0.25,1.0,yaw_0.25deg
Car,43.12,1,0.0,20,0.8567,0.5756,663.7,175.4,707.2,204.2,kitti_mini,000010,0.25,1.0,yaw_0.25deg
Car,7.03,0,0.8,1645,0.6679,0.884,1013.4,182.5,1241.0,374.0,kitti_mini,000010,0.5,1.0,yaw_0.5deg
Car,12.15,0,0.0,1016,0.914,0.82,354.4,185.5,549.5,294.5,kitti_mini,000010,0.5,1.0,yaw_0.5deg
Pedestrian,24.99,2,0.0,23,0.4437,0.1495,859.5,159.8,879.7,221.4,kitti_mini,000010,0.5,1.0,yaw_0.5deg
Car,17.58,0,0.0,340,0.8628,0.735,819.6,178.1,926.8,251.6,kitti_mini,000010,0.5,1.0,yaw_0.5deg
Car,23.15,2,0.0,48,0.8288,0.5215,800.5,178.1,878.8,230.6,kitti_mini,000010,0.5,1.0,yaw_0.5deg
Car,23.71,0,0.0,246,0.8353,0.8169,558.6,179.0,635.0,230.6,kitti_mini,000010,0.5,1.0,yaw_0.5deg
Car,29.13,2,0.0,55,0.782,0.5145,598.3,178.7,652.2,218.2,kitti_mini,000010,0.5,1.0,yaw_0.5deg
Car,29.65,1,0.0,33,0.7726,0.4215,784.6,178.0,840.0,220.1,kitti_mini,000010,0.5,1.0,yaw_0.5deg
Car,43.12,1,0.0,20,0.7368,0.5749,663.7,175.4,707.2,204.2,kitti_mini,000010,0.5,1.0,yaw_0.5deg
Car,7.03,0,0.8,1645,0.6064,0.8564,1013.4,182.5,1241.0,374.0,kitti_mini,000010,1.0,1.0,yaw_1.0deg
Car,12.15,0,0.0,1016,0.8507,0.826,354.4,185.5,549.5,294.5,kitti_mini,000010,1.0,1.0,yaw_1.0deg
Pedestrian,24.99,2,0.0,23,0.1924,0.0416,859.5,159.8,879.7,221.4,kitti_mini,000010,1.0,1.0,yaw_1.0deg
Car,17.58,0,0.0,340,0.7543,0.6402,819.6,178.1,926.8,251.6,kitti_mini,000010,1.0,1.0,yaw_1.0deg
Car,23.15,2,0.0,48,0.6923,0.4239,800.5,178.1,878.8,230.6,kitti_mini,000010,1.0,1.0,yaw_1.0deg
Car,23.71,0,0.0,246,0.7039,0.6918,558.6,179.0,635.0,230.6,kitti_mini,000010,1.0,1.0,yaw_1.0deg
Car,29.13,2,0.0,55,0.6115,0.5136,598.3,178.7,652.2,218.2,kitti_mini,000010,1.0,1.0,yaw_1.0deg
Car,29.65,1,0.0,33,0.5979,0.2916,784.6,178.0,840.0,220.1,kitti_mini,000010,1.0,1.0,yaw_1.0deg
Car,43.12,1,0.0,20,0.5387,0.4327,663.7,175.4,707.2,204.2,kitti_mini,000010,1.0,1.0,yaw_1.0deg
Car,7.03,0,0.8,1645,0.5499,0.8307,1013.4,182.5,1241.0,374.0,kitti_mini,000010,1.5,1.0,yaw_1.5deg
Car,12.15,0,0.0,1016,0.7916,0.8061,354.4,185.5,549.5,294.5,kitti_mini,000010,1.5,1.0,yaw_1.5deg
Pedestrian,24.99,2,0.0,23,0.0156,0.0,859.5,159.8,879.7,221.4,kitti_mini,000010,1.5,1.0,yaw_1.5deg
Car,17.58,0,0.0,340,0.6565,0.5556,819.6,178.1,926.8,251.6,kitti_mini,000010,1.5,1.0,yaw_1.5deg
Car,23.15,2,0.0,48,0.5732,0.3384,800.5,178.1,878.8,230.6,kitti_mini,000010,1.5,1.0,yaw_1.5deg
Car,23.71,0,0.0,246,0.5903,0.5777,558.6,179.0,635.0,230.6,kitti_mini,000010,1.5,1.0,yaw_1.5deg
Car,29.13,2,0.0,55,0.4713,0.5122,598.3,178.7,652.2,218.2,kitti_mini,000010,1.5,1.0,yaw_1.5deg
Car,29.65,1,0.0,33,0.4546,0.1839,784.6,178.0,840.0,220.1,kitti_mini,000010,1.5,1.0,yaw_1.5deg
Car,43.12,1,0.0,20,0.3818,0.2986,663.7,175.4,707.2,204.2,kitti_mini,000010,1.5,1.0,yaw_1.5deg
Car,7.03,0,0.8,1645,0.7371,0.8067,1013.4,182.5,1241.0,374.0,kitti_mini,000010,2.0,1.0,yaw_2.0deg
Car,12.15,0,0.0,1016,0.7362,0.7508,354.4,185.5,549.5,294.5,kitti_mini,000010,2.0,1.0,yaw_2.0deg
Pedestrian,24.99,2,0.0,23,0.0,0.0,859.5,159.8,879.7,221.4,kitti_mini,000010,2.0,1.0,yaw_2.0deg
Car,17.58,0,0.0,340,0.5689,0.4797,819.6,178.1,926.8,251.6,kitti_mini,000010,2.0,1.0,yaw_2.0deg
Car,23.15,2,0.0,48,0.4697,0.263,800.5,178.1,878.8,230.6,kitti_mini,000010,2.0,1.0,yaw_2.0deg
Car,23.71,0,0.0,246,0.4912,0.4781,558.6,179.0,635.0,230.6,kitti_mini,000010,2.0,1.0,yaw_2.0deg
Car,29.13,2,0.0,55,0.3538,0.4382,598.3,178.7,652.2,218.2,kitti_mini,000010,2.0,1.0,yaw_2.0deg
Car,29.65,1,0.0,33,0.335,0.0932,784.6,178.0,840.0,220.1,kitti_mini,000010,2.0,1.0,yaw_2.0deg
Car,43.12,1,0.0,20,0.2544,0.1877,663.7,175.4,707.2,204.2,kitti_mini,000010,2.0,1.0,yaw_2.0deg
Car,7.03,0,0.8,1645,0.6226,0.7631,1013.4,182.5,1241.0,374.0,kitti_mini,000010,3.0,1.0,yaw_3.0deg
Car,12.15,0,0.0,1016,0.6353,0.6459,354.4,185.5,549.5,294.5,kitti_mini,000010,3.0,1.0,yaw_3.0deg
Pedestrian,24.99,2,0.0,23,0.0,0.0,859.5,159.8,879.7,221.4,kitti_mini,000010,3.0,1.0,yaw_3.0deg
Car,17.58,0,0.0,340,0.4186,0.3491,819.6,178.1,926.8,251.6,kitti_mini,000010,3.0,1.0,yaw_3.0deg
Car,23.15,2,0.0,48,0.2987,0.1358,800.5,178.1,878.8,230.6,kitti_mini,000010,3.0,1.0,yaw_3.0deg
Car,23.71,0,0.0,246,0.3266,0.3117,558.6,179.0,635.0,230.6,kitti_mini,000010,3.0,1.0,yaw_3.0deg
Car,29.13,2,0.0,55,0.1684,0.1781,598.3,178.7,652.2,218.2,kitti_mini,000010,3.0,1.0,yaw_3.0deg
Car,29.65,1,0.0,33,0.1467,0.0,784.6,178.0,840.0,220.1,kitti_mini,000010,3.0,1.0,yaw_3.0deg
Car,43.12,1,0.0,20,0.0603,0.0146,663.7,175.4,707.2,204.2,kitti_mini,000010,3.0,1.0,yaw_3.0deg
Car,7.03,0,0.8,1314,0.7229,0.7181,1013.4,182.5,1241.0,374.0,kitti_mini,000010,0.0,0.8,dropout_19pct
Car,12.15,0,0.0,792,0.973,0.8106,354.4,185.5,549.5,294.5,kitti_mini,000010,0.0,0.8,dropout_19pct
Pedestrian,24.99,2,0.0,20,0.6919,0.2078,859.5,159.8,879.7,221.4,kitti_mini,000010,0.0,0.8,dropout_19pct
Car,17.58,0,0.0,277,0.9665,0.7657,819.6,178.1,926.8,251.6,kitti_mini,000010,0.0,0.8,dropout_19pct
Car,23.15,2,0.0,37,0.9658,0.4964,800.5,178.1,878.8,230.6,kitti_mini,000010,0.0,0.8,dropout_19pct
Car,23.71,0,0.0,201,0.9737,0.8163,558.6,179.0,635.0,230.6,kitti_mini,000010,0.0,0.8,dropout_19pct
Car,29.13,2,0.0,45,0.9702,0.5145,598.3,178.7,652.2,218.2,kitti_mini,000010,0.0,0.8,dropout_19pct
Car,29.65,1,0.0,25,0.9696,0.5076,784.6,178.0,840.0,220.1,kitti_mini,000010,0.0,0.8,dropout_19pct
Car,43.12,1,0.0,17,0.9732,0.5764,663.7,175.4,707.2,204.2,kitti_mini,000010,0.0,0.8,dropout_19pct
Car,7.03,0,0.8,965,0.7229,0.7181,1013.4,182.5,1241.0,374.0,kitti_mini,000010,0.0,0.6,dropout_40pct
Car,12.15,0,0.0,608,0.973,0.7729,354.4,185.5,549.5,294.5,kitti_mini,000010,0.0,0.6,dropout_40pct
Pedestrian,24.99,2,0.0,19,0.6919,0.2078,859.5,159.8,879.7,221.4,kitti_mini,000010,0.0,0.6,dropout_40pct
Car,17.58,0,0.0,214,0.9665,0.7657,819.6,178.1,926.8,251.6,kitti_mini,000010,0.0,0.6,dropout_40pct
Car,23.15,2,0.0,28,0.9658,0.4964,800.5,178.1,878.8,230.6,kitti_mini,000010,0.0,0.6,dropout_40pct
Car,23.71,0,0.0,151,0.9737,0.8159,558.6,179.0,635.0,230.6,kitti_mini,000010,0.0,0.6,dropout_40pct
Car,29.13,2,0.0,30,0.9702,0.5142,598.3,178.7,652.2,218.2,kitti_mini,000010,0.0,0.6,dropout_40pct
Car,29.65,1,0.0,20,0.9696,0.4814,784.6,178.0,840.0,220.1,kitti_mini,000010,0.0,0.6,dropout_40pct
Car,43.12,1,0.0,13,0.9732,0.5352,663.7,175.4,707.2,204.2,kitti_mini,000010,0.0,0.6,dropout_40pct
Car,7.03,0,0.8,629,0.7229,0.7181,1013.4,182.5,1241.0,374.0,kitti_mini,000010,0.0,0.4,dropout_60pct
Car,12.15,0,0.0,401,0.973,0.7727,354.4,185.5,549.5,294.5,kitti_mini,000010,0.0,0.4,dropout_60pct
Pedestrian,24.99,2,0.0,13,0.6919,0.2078,859.5,159.8,879.7,221.4,kitti_mini,000010,0.0,0.4,dropout_60pct
Car,17.58,0,0.0,145,0.9665,0.7657,819.6,178.1,926.8,251.6,kitti_mini,000010,0.0,0.4,dropout_60pct
Car,23.15,2,0.0,16,0.9658,0.3821,800.5,178.1,878.8,230.6,kitti_mini,000010,0.0,0.4,dropout_60pct
Car,23.71,0,0.0,91,0.9737,0.8139,558.6,179.0,635.0,230.6,kitti_mini,000010,0.0,0.4,dropout_60pct
Car,29.13,2,0.0,23,0.9702,0.5142,598.3,178.7,652.2,218.2,kitti_mini,000010,0.0,0.4,dropout_60pct
Car,29.65,1,0.0,10,0.9696,0.4064,784.6,178.0,840.0,220.1,kitti_mini,000010,0.0,0.4,dropout_60pct
Car,43.12,1,0.0,12,0.9732,0.4943,663.7,175.4,707.2,204.2,kitti_mini,000010,0.0,0.4,dropout_60pct
Car,7.03,0,0.8,303,0.7229,0.7181,1013.4,182.5,1241.0,374.0,kitti_mini,000010,0.0,0.2,dropout_80pct
Car,12.15,0,0.0,201,0.973,0.7718,354.4,185.5,549.5,294.5,kitti_mini,000010,0.0,0.2,dropout_80pct
Pedestrian,24.99,2,0.0,3,0.6919,0.1081,859.5,159.8,879.7,221.4,kitti_mini,000010,0.0,0.2,dropout_80pct
Car,17.58,0,0.0,77,0.9665,0.7475,819.6,178.1,926.8,251.6,kitti_mini,000010,0.0,0.2,dropout_80pct
Car,23.15,2,0.0,7,0.9658,0.1355,800.5,178.1,878.8,230.6,kitti_mini,000010,0.0,0.2,dropout_80pct
Car,23.71,0,0.0,51,0.9737,0.7141,558.6,179.0,635.0,230.6,kitti_mini,000010,0.0,0.2,dropout_80pct
Car,29.13,2,0.0,5,0.9702,0.2753,598.3,178.7,652.2,218.2,kitti_mini,000010,0.0,0.2,dropout_80pct
Car,29.65,1,0.0,4,0.9696,0.3618,784.6,178.0,840.0,220.1,kitti_mini,000010,0.0,0.2,dropout_80pct
Car,43.12,1,0.0,6,0.9732,0.2639,663.7,175.4,707.2,204.2,kitti_mini,000010,0.0,0.2,dropout_80pct
Pedestrian,13.49,1,0.0,151,0.7617,0.8591,883.7,144.2,937.4,259.0,kitti_mini,000011,0.0,1.0,baseline
Pedestrian,14.56,2,0.0,35,0.9709,0.51,873.7,152.1,933.4,256.1,kitti_mini,000011,0.0,1.0,baseline
Car,27.16,0,0.0,208,0.9622,0.8262,444.3,171.0,505.0,225.8,kitti_mini,000011,0.0,1.0,baseline
Pedestrian,34.19,0,0.0,40,0.6641,0.7812,649.3,168.1,664.6,206.4,kitti_mini,000011,0.0,1.0,baseline
Car,6.83,0,0.98,3251,0.0,0.6913,0.0,217.1,85.9,374.0,kitti_mini,000011,0.0,1.0,baseline
Pedestrian,17.91,0,0.0,81,0.7877,0.7895,240.4,190.3,268.0,261.6,kitti_mini,000011,0.0,1.0,baseline
Pedestrian,13.49,1,0.0,151,0.7647,0.8009,883.7,144.2,937.4,259.0,kitti_mini,000011,0.25,1.0,yaw_0.25deg
Pedestrian,14.56,2,0.0,35,0.8933,0.5073,873.7,152.1,933.4,256.1,kitti_mini,000011,0.25,1.0,yaw_0.25deg
Car,27.16,0,0.0,208,0.883,0.8285,444.3,171.0,505.0,225.8,kitti_mini,000011,0.25,1.0,yaw_0.25deg
Pedestrian,34.19,0,0.0,40,0.6635,0.53,649.3,168.1,664.6,206.4,kitti_mini,000011,0.25,1.0,yaw_0.25deg
Car,6.83,0,0.98,3251,0.0,0.6166,0.0,217.1,85.9,374.0,kitti_mini,000011,0.25,1.0,yaw_0.25deg
Pedestrian,17.91,0,0.0,81,0.7494,0.6982,240.4,190.3,268.0,261.6,kitti_mini,000011,0.25,1.0,yaw_0.25deg
Pedestrian,13.49,1,0.0,151,0.704,0.6971,883.7,144.2,937.4,259.0,kitti_mini,000011,0.5,1.0,yaw_0.5deg
Pedestrian,14.56,2,0.0,35,0.7866,0.5046,873.7,152.1,933.4,256.1,kitti_mini,000011,0.5,1.0,yaw_0.5deg
Car,27.16,0,0.0,208,0.7905,0.7609,444.3,171.0,505.0,225.8,kitti_mini,000011,0.5,1.0,yaw_0.5deg
Pedestrian,34.19,0,0.0,40,0.5249,0.3394,649.3,168.1,664.6,206.4,kitti_mini,000011,0.5,1.0,yaw_0.5deg
Car,6.83,0,0.98,3251,0.0,0.4873,0.0,217.1,85.9,374.0,kitti_mini,000011,0.5,1.0,yaw_0.5deg
Pedestrian,17.91,0,0.0,81,0.5735,0.5117,240.4,190.3,268.0,261.6,kitti_mini,000011,0.5,1.0,yaw_0.5deg
Pedestrian,13.49,1,0.0,151,0.5434,0.5222,883.7,144.2,937.4,259.0,kitti_mini,000011,1.0,1.0,yaw_1.0deg
Pedestrian,14.56,2,0.0,35,0.6043,0.4993,873.7,152.1,933.4,256.1,kitti_mini,000011,1.0,1.0,yaw_1.0deg
Car,27.16,0,0.0,208,0.6309,0.6048,444.3,171.0,505.0,225.8,kitti_mini,000011,1.0,1.0,yaw_1.0deg
Pedestrian,34.19,0,0.0,40,0.2169,0.0723,649.3,168.1,664.6,206.4,kitti_mini,000011,1.0,1.0,yaw_1.0deg
Car,6.83,0,0.98,3251,0.0,0.4049,0.0,217.1,85.9,374.0,kitti_mini,000011,1.0,1.0,yaw_1.0deg
Pedestrian,17.91,0,0.0,81,0.3117,0.2385,240.4,190.3,268.0,261.6,kitti_mini,000011,1.0,1.0,yaw_1.0deg
Pedestrian,13.49,1,0.0,151,0.4103,0.3806,883.7,144.2,937.4,259.0,kitti_mini,000011,1.5,1.0,yaw_1.5deg
Pedestrian,14.56,2,0.0,35,0.4556,0.451,873.7,152.1,933.4,256.1,kitti_mini,000011,1.5,1.0,yaw_1.5deg
Car,27.16,0,0.0,208,0.4979,0.474,444.3,171.0,505.0,225.8,kitti_mini,000011,1.5,1.0,yaw_1.5deg
Pedestrian,34.19,0,0.0,40,0.013,0.0,649.3,168.1,664.6,206.4,kitti_mini,000011,1.5,1.0,yaw_1.5deg
Car,6.83,0,0.98,3251,0.0,0.3116,0.0,217.1,85.9,374.0,kitti_mini,000011,1.5,1.0,yaw_1.5deg
Pedestrian,17.91,0,0.0,81,0.1262,0.048,240.4,190.3,268.0,261.6,kitti_mini,000011,1.5,1.0,yaw_1.5deg
Pedestrian,13.49,1,0.0,151,0.2987,0.2636,883.7,144.2,937.4,259.0,kitti_mini,000011,2.0,1.0,yaw_2.0deg
Pedestrian,14.56,2,0.0,35,0.3327,0.3248,873.7,152.1,933.4,256.1,kitti_mini,000011,2.0,1.0,yaw_2.0deg
Car,27.16,0,0.0,208,0.3854,0.3633,444.3,171.0,505.0,225.8,kitti_mini,000011,2.0,1.0,yaw_2.0deg
Pedestrian,34.19,0,0.0,40,0.0,0.0,649.3,168.1,664.6,206.4,kitti_mini,000011,2.0,1.0,yaw_2.0deg
Car,6.83,0,0.98,3251,0.0,0.2216,0.0,217.1,85.9,374.0,kitti_mini,000011,2.0,1.0,yaw_2.0deg
Pedestrian,17.91,0,0.0,81,0.0,0.0,240.4,190.3,268.0,261.6,kitti_mini,000011,2.0,1.0,yaw_2.0deg
Pedestrian,13.49,1,0.0,151,0.122,0.0816,883.7,144.2,937.4,259.0,kitti_mini,000011,3.0,1.0,yaw_3.0deg
Pedestrian,14.56,2,0.0,35,0.1412,0.1303,873.7,152.1,933.4,256.1,kitti_mini,000011,3.0,1.0,yaw_3.0deg
Car,27.16,0,0.0,208,0.2055,0.1864,444.3,171.0,505.0,225.8,kitti_mini,000011,3.0,1.0,yaw_3.0deg
Pedestrian,34.19,0,0.0,40,0.0,0.0,649.3,168.1,664.6,206.4,kitti_mini,000011,3.0,1.0,yaw_3.0deg
Car,6.83,0,0.98,3251,0.0,0.0604,0.0,217.1,85.9,374.0,kitti_mini,000011,3.0,1.0,yaw_3.0deg
Pedestrian,17.91,0,0.0,81,0.0,0.0,240.4,190.3,268.0,261.6,kitti_mini,000011,3.0,1.0,yaw_3.0deg
Pedestrian,13.49,1,0.0,118,0.7617,0.8587,883.7,144.2,937.4,259.0,kitti_mini,000011,0.0,0.8,dropout_19pct
Pedestrian,14.56,2,0.0,33,0.9709,0.51,873.7,152.1,933.4,256.1,kitti_mini,000011,0.0,0.8,dropout_19pct
Car,27.16,0,0.0,163,0.9622,0.8262,444.3,171.0,505.0,225.8,kitti_mini,000011,0.0,0.8,dropout_19pct
Pedestrian,34.19,0,0.0,32,0.6641,0.7805,649.3,168.1,664.6,206.4,kitti_mini,000011,0.0,0.8,dropout_19pct
Car,6.83,0,0.98,2613,0.0,0.6913,0.0,217.1,85.9,374.0,kitti_mini,000011,0.0,0.8,dropout_19pct
Pedestrian,17.91,0,0.0,61,0.7877,0.7895,240.4,190.3,268.0,261.6,kitti_mini,000011,0.0,0.8,dropout_19pct
Pedestrian,13.49,1,0.0,95,0.7617,0.8587,883.7,144.2,937.4,259.0,kitti_mini,000011,0.0,0.6,dropout_40pct
Pedestrian,14.56,2,0.0,22,0.9709,0.51,873.7,152.1,933.4,256.1,kitti_mini,000011,0.0,0.6,dropout_40pct
Car,27.16,0,0.0,127,0.9622,0.8262,444.3,171.0,505.0,225.8,kitti_mini,000011,0.0,0.6,dropout_40pct
Pedestrian,34.19,0,0.0,24,0.6641,0.6388,649.3,168.1,664.6,206.4,kitti_mini,000011,0.0,0.6,dropout_40pct
Car,6.83,0,0.98,1984,0.0,0.6586,0.0,217.1,85.9,374.0,kitti_mini,000011,0.0,0.6,dropout_40pct
Pedestrian,17.91,0,0.0,48,0.7877,0.7894,240.4,190.3,268.0,261.6,kitti_mini,000011,0.0,0.6,dropout_40pct
Pedestrian,13.49,1,0.0,66,0.7617,0.8587,883.7,144.2,937.4,259.0,kitti_mini,000011,0.0,0.4,dropout_60pct
Pedestrian,14.56,2,0.0,17,0.9709,0.51,873.7,152.1,933.4,256.1,kitti_mini,000011,0.0,0.4,dropout_60pct
Car,27.16,0,0.0,83,0.9622,0.7781,444.3,171.0,505.0,225.8,kitti_mini,000011,0.0,0.4,dropout_60pct
Pedestrian,34.19,0,0.0,15,0.6641,0.531,649.3,168.1,664.6,206.4,kitti_mini,000011,0.0,0.4,dropout_60pct
Car,6.83,0,0.98,1341,0.0,0.567,0.0,217.1,85.9,374.0,kitti_mini,000011,0.0,0.4,dropout_60pct
Pedestrian,17.91,0,0.0,34,0.7877,0.7894,240.4,190.3,268.0,261.6,kitti_mini,000011,0.0,0.4,dropout_60pct
Pedestrian,13.49,1,0.0,34,0.7617,0.7561,883.7,144.2,937.4,259.0,kitti_mini,000011,0.0,0.2,dropout_80pct
Pedestrian,14.56,2,0.0,8,0.9709,0.4167,873.7,152.1,933.4,256.1,kitti_mini,000011,0.0,0.2,dropout_80pct
Car,27.16,0,0.0,38,0.9622,0.7686,444.3,171.0,505.0,225.8,kitti_mini,000011,0.0,0.2,dropout_80pct
Pedestrian,34.19,0,0.0,7,0.6641,0.2544,649.3,168.1,664.6,206.4,kitti_mini,000011,0.0,0.2,dropout_80pct
Car,6.83,0,0.98,673,0.0,0.5668,0.0,217.1,85.9,374.0,kitti_mini,000011,0.0,0.2,dropout_80pct
Pedestrian,17.91,0,0.0,18,0.7877,0.6653,240.4,190.3,268.0,261.6,kitti_mini,000011,0.0,0.2,dropout_80pct
Car,59.14,0,0.0,13,0.9703,0.2327,662.2,185.8,690.2,205.0,kitti_mini,000012,0.0,1.0,baseline
Van,66.37,0,0.0,39,0.9726,0.4847,448.1,177.1,481.6,206.4,kitti_mini,000012,0.0,1.0,baseline
Car,59.14,0,0.0,13,0.7845,0.2324,662.2,185.8,690.2,205.0,kitti_mini,000012,0.25,1.0,yaw_0.25deg
Van,66.37,0,0.0,39,0.817,0.486,448.1,177.1,481.6,206.4,kitti_mini,000012,0.25,1.0,yaw_0.25deg
Car,59.14,0,0.0,13,0.6207,0.2321,662.2,185.8,690.2,205.0,kitti_mini,000012,0.5,1.0,yaw_0.5deg
Van,66.37,0,0.0,39,0.6664,0.4002,448.1,177.1,481.6,206.4,kitti_mini,000012,0.5,1.0,yaw_0.5deg
Car,59.14,0,0.0,13,0.3693,0.2007,662.2,185.8,690.2,205.0,kitti_mini,000012,1.0,1.0,yaw_1.0deg
Van,66.37,0,0.0,39,0.4304,0.2549,448.1,177.1,481.6,206.4,kitti_mini,000012,1.0,1.0,yaw_1.0deg
Car,59.14,0,0.0,13,0.1849,0.0992,662.2,185.8,690.2,205.0,kitti_mini,000012,1.5,1.0,yaw_1.5deg
Van,66.37,0,0.0,39,0.254,0.1366,448.1,177.1,481.6,206.4,kitti_mini,000012,1.5,1.0,yaw_1.5deg
Car,59.14,0,0.0,13,0.0446,0.0136,662.2,185.8,690.2,205.0,kitti_mini,000012,2.0,1.0,yaw_2.0deg
Van,66.37,0,0.0,39,0.1171,0.0383,448.1,177.1,481.6,206.4,kitti_mini,000012,2.0,1.0,yaw_2.0deg
Car,59.14,0,0.0,13,0.0,0.0,662.2,185.8,690.2,205.0,kitti_mini,000012,3.0,1.0,yaw_3.0deg
Van,66.37,0,0.0,39,0.0,0.0,448.1,177.1,481.6,206.4,kitti_mini,000012,3.0,1.0,yaw_3.0deg
Car,59.14,0,0.0,10,0.9703,0.2327,662.2,185.8,690.2,205.0,kitti_mini,000012,0.0,0.8,dropout_19pct
Van,66.37,0,0.0,31,0.9726,0.4847,448.1,177.1,481.6,206.4,kitti_mini,000012,0.0,0.8,dropout_19pct
Car,59.14,0,0.0,7,0.9703,0.2327,662.2,185.8,690.2,205.0,kitti_mini,000012,0.0,0.6,dropout_40pct
Van,66.37,0,0.0,24,0.9726,0.4622,448.1,177.1,481.6,206.4,kitti_mini,000012,0.0,0.6,dropout_40pct
Car,59.14,0,0.0,6,0.9703,0.1641,662.2,185.8,690.2,205.0,kitti_mini,000012,0.0,0.4,dropout_60pct
Van,66.37,0,0.0,16,0.9726,0.4494,448.1,177.1,481.6,206.4,kitti_mini,000012,0.0,0.4,dropout_60pct
Car,59.14,0,0.0,2,0.9703,0.0743,662.2,185.8,690.2,205.0,kitti_mini,000012,0.0,0.2,dropout_80pct
Van,66.37,0,0.0,8,0.9726,0.4256,448.1,177.1,481.6,206.4,kitti_mini,000012,0.0,0.2,dropout_80pct
Car,5.22,0,0.89,5857,0.0015,0.8917,0.0,194.7,414.7,373.0,kitti_mini,000015,0.0,1.0,baseline
Pedestrian,9.05,1,0.0,386,0.5724,0.6525,1021.8,133.3,1101.4,316.6,kitti_mini,000015,0.0,1.0,baseline
Pedestrian,24.31,0,0.0,55,0.5881,0.4919,672.2,171.7,690.1,224.3,kitti_mini,000015,0.0,1.0,baseline
Pedestrian,24.48,0,0.0,70,0.7118,0.5195,692.7,169.1,712.5,224.0,kitti_mini,000015,0.0,1.0,baseline
Pedestrian,23.41,0,0.0,66,0.7291,0.6967,537.8,168.1,560.9,224.3,kitti_mini,000015,0.0,1.0,baseline
Car,5.22,0,0.89,5857,0.0015,0.8835,0.0,194.7,414.7,373.0,kitti_mini,000015,0.25,1.0,yaw_0.25deg
Pedestrian,9.05,1,0.0,386,0.5754,0.6541,1021.8,133.3,1101.4,316.6,kitti_mini,000015,0.25,1.0,yaw_0.25deg
Pedestrian,24.31,0,0.0,55,0.4216,0.3225,672.2,171.7,690.1,224.3,kitti_mini,000015,0.25,1.0,yaw_0.25deg
Pedestrian,24.48,0,0.0,70,0.6231,0.3639,692.7,169.1,712.5,224.0,kitti_mini,000015,0.25,1.0,yaw_0.25deg
Pedestrian,23.41,0,0.0,66,0.6459,0.5562,537.8,168.1,560.9,224.3,kitti_mini,000015,0.25,1.0,yaw_0.25deg
Car,5.22,0,0.89,5857,0.0014,0.8695,0.0,194.7,414.7,373.0,kitti_mini,000015,0.5,1.0,yaw_0.5deg
Pedestrian,9.05,1,0.0,386,0.5784,0.6557,1021.8,133.3,1101.4,316.6,kitti_mini,000015,0.5,1.0,yaw_0.5deg
Pedestrian,24.31,0,0.0,55,0.2868,0.1877,672.2,171.7,690.1,224.3,kitti_mini,000015,0.5,1.0,yaw_0.5deg
Pedestrian,24.48,0,0.0,70,0.4623,0.2374,692.7,169.1,712.5,224.0,kitti_mini,000015,0.5,1.0,yaw_0.5deg
Pedestrian,23.41,0,0.0,66,0.5014,0.4012,537.8,168.1,560.9,224.3,kitti_mini,000015,0.5,1.0,yaw_0.5deg
Car,5.22,0,0.89,5857,0.0013,0.8583,0.0,194.7,414.7,373.0,kitti_mini,000015,1.0,1.0,yaw_1.0deg
Pedestrian,9.05,1,0.0,386,0.5844,0.6587,1021.8,133.3,1101.4,316.6,kitti_mini,000015,1.0,1.0,yaw_1.0deg
Pedestrian,24.31,0,0.0,55,0.0817,0.0,672.2,171.7,690.1,224.3,kitti_mini,000015,1.0,1.0,yaw_1.0deg
Pedestrian,24.48,0,0.0,70,0.2199,0.0439,692.7,169.1,712.5,224.0,kitti_mini,000015,1.0,1.0,yaw_1.0deg
Pedestrian,23.41,0,0.0,66,0.2776,0.1682,537.8,168.1,560.9,224.3,kitti_mini,000015,1.0,1.0,yaw_1.0deg
Car,5.22,0,0.89,5857,0.0012,0.8376,0.0,194.7,414.7,373.0,kitti_mini,000015,1.5,1.0,yaw_1.5deg
Pedestrian,9.05,1,0.0,386,0.5438,0.5521,1021.8,133.3,1101.4,316.6,kitti_mini,000015,1.5,1.0,yaw_1.5deg
Pedestrian,24.31,0,0.0,55,0.0,0.0,672.2,171.7,690.1,224.3,kitti_mini,000015,1.5,1.0,yaw_1.5deg
Pedestrian,24.48,0,0.0,70,0.0464,0.0,692.7,169.1,712.5,224.0,kitti_mini,000015,1.5,1.0,yaw_1.5deg
Pedestrian,23.41,0,0.0,66,0.1124,0.0015,537.8,168.1,560.9,224.3,kitti_mini,000015,1.5,1.0,yaw_1.5deg
Car,5.22,0,0.89,5857,0.0012,0.8197,0.0,194.7,414.7,373.0,kitti_mini,000015,2.0,1.0,yaw_2.0deg
Pedestrian,9.05,1,0.0,386,0.4491,0.4489,1021.8,133.3,1101.4,316.6,kitti_mini,000015,2.0,1.0,yaw_2.0deg
Pedestrian,24.31,0,0.0,55,0.0,0.0,672.2,171.7,690.1,224.3,kitti_mini,000015,2.0,1.0,yaw_2.0deg
Pedestrian,24.48,0,0.0,70,0.0,0.0,692.7,169.1,712.5,224.0,kitti_mini,000015,2.0,1.0,yaw_2.0deg
Pedestrian,23.41,0,0.0,66,0.0,0.0,537.8,168.1,560.9,224.3,kitti_mini,000015,2.0,1.0,yaw_2.0deg
Car,5.22,0,0.89,5857,0.001,0.7867,0.0,194.7,414.7,373.0,kitti_mini,000015,3.0,1.0,yaw_3.0deg
Pedestrian,9.05,1,0.0,386,0.2913,0.2802,1021.8,133.3,1101.4,316.6,kitti_mini,000015,3.0,1.0,yaw_3.0deg
Pedestrian,24.31,0,0.0,55,0.0,0.0,672.2,171.7,690.1,224.3,kitti_mini,000015,3.0,1.0,yaw_3.0deg
Pedestrian,24.48,0,0.0,70,0.0,0.0,692.7,169.1,712.5,224.0,kitti_mini,000015,3.0,1.0,yaw_3.0deg
Pedestrian,23.41,0,0.0,66,0.0,0.0,537.8,168.1,560.9,224.3,kitti_mini,000015,3.0,1.0,yaw_3.0deg
Car,5.22,0,0.89,4702,0.0015,0.8917,0.0,194.7,414.7,373.0,kitti_mini,000015,0.0,0.8,dropout_19pct
Pedestrian,9.05,1,0.0,306,0.5724,0.6525,1021.8,133.3,1101.4,316.6,kitti_mini,000015,0.0,0.8,dropout_19pct
Pedestrian,24.31,0,0.0,43,0.5881,0.4919,672.2,171.7,690.1,224.3,kitti_mini,000015,0.0,0.8,dropout_19pct
Pedestrian,24.48,0,0.0,50,0.7118,0.5195,692.7,169.1,712.5,224.0,kitti_mini,000015,0.0,0.8,dropout_19pct
Pedestrian,23.41,0,0.0,54,0.7291,0.6944,537.8,168.1,560.9,224.3,kitti_mini,000015,0.0,0.8,dropout_19pct
Car,5.22,0,0.89,3553,0.0015,0.8892,0.0,194.7,414.7,373.0,kitti_mini,000015,0.0,0.6,dropout_40pct
Pedestrian,9.05,1,0.0,232,0.5724,0.6597,1021.8,133.3,1101.4,316.6,kitti_mini,000015,0.0,0.6,dropout_40pct
Pedestrian,24.31,0,0.0,35,0.5881,0.4794,672.2,171.7,690.1,224.3,kitti_mini,000015,0.0,0.6,dropout_40pct
Pedestrian,24.48,0,0.0,33,0.7118,0.5411,692.7,169.1,712.5,224.0,kitti_mini,000015,0.0,0.6,dropout_40pct
Pedestrian,23.41,0,0.0,40,0.7291,0.5968,537.8,168.1,560.9,224.3,kitti_mini,000015,0.0,0.6,dropout_40pct
Car,5.22,0,0.89,2377,0.0015,0.8882,0.0,194.7,414.7,373.0,kitti_mini,000015,0.0,0.4,dropout_60pct
Pedestrian,9.05,1,0.0,159,0.5724,0.6597,1021.8,133.3,1101.4,316.6,kitti_mini,000015,0.0,0.4,dropout_60pct
Pedestrian,24.31,0,0.0,22,0.5881,0.4395,672.2,171.7,690.1,224.3,kitti_mini,000015,0.0,0.4,dropout_60pct
Pedestrian,24.48,0,0.0,24,0.7118,0.4646,692.7,169.1,712.5,224.0,kitti_mini,000015,0.0,0.4,dropout_60pct
Pedestrian,23.41,0,0.0,26,0.7291,0.5539,537.8,168.1,560.9,224.3,kitti_mini,000015,0.0,0.4,dropout_60pct
Car,5.22,0,0.89,1142,0.0015,0.887,0.0,194.7,414.7,373.0,kitti_mini,000015,0.0,0.2,dropout_80pct
Pedestrian,9.05,1,0.0,79,0.5724,0.7125,1021.8,133.3,1101.4,316.6,kitti_mini,000015,0.0,0.2,dropout_80pct
Pedestrian,24.31,0,0.0,8,0.5881,0.2617,672.2,171.7,690.1,224.3,kitti_mini,000015,0.0,0.2,dropout_80pct
Pedestrian,24.48,0,0.0,12,0.7118,0.4469,692.7,169.1,712.5,224.0,kitti_mini,000015,0.0,0.2,dropout_80pct
Pedestrian,23.41,0,0.0,16,0.7291,0.5395,537.8,168.1,560.9,224.3,kitti_mini,000015,0.0,0.2,dropout_80pct
Car,44.63,2,0.0,24,0.9792,0.2627,661.2,174.8,694.4,197.6,kitti_mini,000016,0.0,1.0,baseline
Truck,28.14,2,0.0,1973,0.9573,0.5332,125.1,91.7,474.0,253.3,kitti_mini,000016,0.0,1.0,baseline
Car,33.47,0,0.0,51,0.9602,0.6059,684.5,172.2,733.8,205.3,kitti_mini,000016,0.0,1.0,baseline
Car,7.27,0,0.5,2051,0.7449,0.8654,0.0,193.6,386.2,374.0,kitti_mini,000016,0.0,1.0,baseline
Car,47.22,0,0.0,10,0.9752,0.1522,494.4,181.8,527.5,205.3,kitti_mini,000016,0.0,1.0,baseline
Tram,90.98,2,0.0,0,0.9411,0.0,587.3,158.6,648.7,188.5,kitti_mini,000016,0.0,1.0,baseline
Car,44.63,2,0.0,24,0.8111,0.2541,661.2,174.8,694.4,197.6,kitti_mini,000016,0.25,1.0,yaw_0.25deg
Truck,28.14,2,0.0,1973,0.9413,0.5365,125.1,91.7,474.0,253.3,kitti_mini,000016,0.25,1.0,yaw_0.25deg
Car,33.47,0,0.0,51,0.8572,0.6026,684.5,172.2,733.8,205.3,kitti_mini,000016,0.25,1.0,yaw_0.25deg
Car,7.27,0,0.5,2051,0.7504,0.8572,0.0,193.6,386.2,374.0,kitti_mini,000016,0.25,1.0,yaw_0.25deg
Car,47.22,0,0.0,10,0.8131,0.1515,494.4,181.8,527.5,205.3,kitti_mini,000016,0.25,1.0,yaw_0.25deg
Tram,90.98,2,0.0,0,0.8575,0.0,587.3,158.6,648.7,188.5,kitti_mini,000016,0.25,1.0,yaw_0.25deg
Car,44.63,2,0.0,24,0.6654,0.2082,661.2,174.8,694.4,197.6,kitti_mini,000016,0.5,1.0,yaw_0.5deg
Truck,28.14,2,0.0,1973,0.9203,0.5314,125.1,91.7,474.0,253.3,kitti_mini,000016,0.5,1.0,yaw_0.5deg
Car,33.47,0,0.0,51,0.7503,0.5321,684.5,172.2,733.8,205.3,kitti_mini,000016,0.5,1.0,yaw_0.5deg
Car,7.27,0,0.5,2051,0.756,0.8476,0.0,193.6,386.2,374.0,kitti_mini,000016,0.5,1.0,yaw_0.5deg
Car,47.22,0,0.0,10,0.6644,0.1302,494.4,181.8,527.5,205.3,kitti_mini,000016,0.5,1.0,yaw_0.5deg
Tram,90.98,2,0.0,0,0.7733,0.0,587.3,158.6,648.7,188.5,kitti_mini,000016,0.5,1.0,yaw_0.5deg
Car,44.63,2,0.0,24,0.4354,0.126,661.2,174.8,694.4,197.6,kitti_mini,000016,1.0,1.0,yaw_1.0deg
Truck,28.14,2,0.0,1973,0.8797,0.5157,125.1,91.7,474.0,253.3,kitti_mini,000016,1.0,1.0,yaw_1.0deg
Car,33.47,0,0.0,51,0.5701,0.4085,684.5,172.2,733.8,205.3,kitti_mini,000016,1.0,1.0,yaw_1.0deg
Car,7.27,0,0.5,2051,0.2534,0.8295,0.0,193.6,386.2,374.0,kitti_mini,000016,1.0,1.0,yaw_1.0deg
Car,47.22,0,0.0,10,0.4296,0.0898,494.4,181.8,527.5,205.3,kitti_mini,000016,1.0,1.0,yaw_1.0deg
Tram,90.98,2,0.0,0,0.6265,0.0,587.3,158.6,648.7,188.5,kitti_mini,000016,1.0,1.0,yaw_1.0deg
Car,44.63,2,0.0,24,0.2621,0.0543,661.2,174.8,694.4,197.6,kitti_mini,000016,1.5,1.0,yaw_1.5deg
Truck,28.14,2,0.0,1973,0.8407,0.5002,125.1,91.7,474.0,253.3,kitti_mini,000016,1.5,1.0,yaw_1.5deg
Car,33.47,0,0.0,51,0.424,0.3035,684.5,172.2,733.8,205.3,kitti_mini,000016,1.5,1.0,yaw_1.5deg
Car,7.27,0,0.5,2051,0.2564,0.8105,0.0,193.6,386.2,374.0,kitti_mini,000016,1.5,1.0,yaw_1.5deg
Car,47.22,0,0.0,10,0.254,0.052,494.4,181.8,527.5,205.3,kitti_mini,000016,1.5,1.0,yaw_1.5deg
Tram,90.98,2,0.0,0,0.5027,0.0,587.3,158.6,648.7,188.5,kitti_mini,000016,1.5,1.0,yaw_1.5deg
Car,44.63,2,0.0,24,0.1269,0.0,661.2,174.8,694.4,197.6,kitti_mini,000016,2.0,1.0,yaw_2.0deg
Truck,28.14,2,0.0,1973,0.8033,0.4849,125.1,91.7,474.0,253.3,kitti_mini,000016,2.0,1.0,yaw_2.0deg
Car,33.47,0,0.0,51,0.3032,0.2133,684.5,172.2,733.8,205.3,kitti_mini,000016,2.0,1.0,yaw_2.0deg
Car,7.27,0,0.5,2051,0.2594,0.792,0.0,193.6,386.2,374.0,kitti_mini,000016,2.0,1.0,yaw_2.0deg
Car,47.22,0,0.0,10,0.1177,0.0166,494.4,181.8,527.5,205.3,kitti_mini,000016,2.0,1.0,yaw_2.0deg
Tram,90.98,2,0.0,0,0.3968,0.0,587.3,158.6,648.7,188.5,kitti_mini,000016,2.0,1.0,yaw_2.0deg
Car,44.63,2,0.0,24,0.0,0.0,661.2,174.8,694.4,197.6,kitti_mini,000016,3.0,1.0,yaw_3.0deg
Truck,28.14,2,0.0,1973,0.7328,0.455,125.1,91.7,474.0,253.3,kitti_mini,000016,3.0,1.0,yaw_3.0deg
Car,33.47,0,0.0,51,0.1151,0.0661,684.5,172.2,733.8,205.3,kitti_mini,000016,3.0,1.0,yaw_3.0deg
Car,7.27,0,0.5,2051,0.2657,0.7527,0.0,193.6,386.2,374.0,kitti_mini,000016,3.0,1.0,yaw_3.0deg
Car,47.22,0,0.0,10,0.0,0.0,494.4,181.8,527.5,205.3,kitti_mini,000016,3.0,1.0,yaw_3.0deg
Tram,90.98,2,0.0,0,0.2255,0.0,587.3,158.6,648.7,188.5,kitti_mini,000016,3.0,1.0,yaw_3.0deg
Car,44.63,2,0.0,20,0.9792,0.2601,661.2,174.8,694.4,197.6,kitti_mini,000016,0.0,0.8,dropout_19pct
Truck,28.14,2,0.0,1582,0.9573,0.5332,125.1,91.7,474.0,253.3,kitti_mini,000016,0.0,0.8,dropout_19pct
Car,33.47,0,0.0,41,0.9602,0.6059,684.5,172.2,733.8,205.3,kitti_mini,000016,0.0,0.8,dropout_19pct
Car,7.27,0,0.5,1637,0.7449,0.8654,0.0,193.6,386.2,374.0,kitti_mini,000016,0.0,0.8,dropout_19pct
Car,47.22,0,0.0,8,0.9752,0.1482,494.4,181.8,527.5,205.3,kitti_mini,000016,0.0,0.8,dropout_19pct
Tram,90.98,2,0.0,0,0.9411,0.0,587.3,158.6,648.7,188.5,kitti_mini,000016,0.0,0.8,dropout_19pct
Car,44.63,2,0.0,15,0.9792,0.2309,661.2,174.8,694.4,197.6,kitti_mini,000016,0.0,0.6,dropout_40pct
Truck,28.14,2,0.0,1196,0.9573,0.532,125.1,91.7,474.0,253.3,kitti_mini,000016,0.0,0.6,dropout_40pct
Car,33.47,0,0.0,28,0.9602,0.6052,684.5,172.2,733.8,205.3,kitti_mini,000016,0.0,0.6,dropout_40pct
Car,7.27,0,0.5,1229,0.7449,0.8648,0.0,193.6,386.2,374.0,kitti_mini,000016,0.0,0.6,dropout_40pct
Car,47.22,0,0.0,6,0.9752,0.1415,494.4,181.8,527.5,205.3,kitti_mini,000016,0.0,0.6,dropout_40pct
Tram,90.98,2,0.0,0,0.9411,0.0,587.3,158.6,648.7,188.5,kitti_mini,000016,0.0,0.6,dropout_40pct
Car,44.63,2,0.0,9,0.9792,0.2309,661.2,174.8,694.4,197.6,kitti_mini,000016,0.0,0.4,dropout_60pct
Truck,28.14,2,0.0,777,0.9573,0.5303,125.1,91.7,474.0,253.3,kitti_mini,000016,0.0,0.4,dropout_60pct
Car,33.47,0,0.0,15,0.9602,0.6032,684.5,172.2,733.8,205.3,kitti_mini,000016,0.0,0.4,dropout_60pct
Car,7.27,0,0.5,847,0.7449,0.8628,0.0,193.6,386.2,374.0,kitti_mini,000016,0.0,0.4,dropout_60pct
Car,47.22,0,0.0,3,0.9752,0.1402,494.4,181.8,527.5,205.3,kitti_mini,000016,0.0,0.4,dropout_60pct
Tram,90.98,2,0.0,0,0.9411,0.0,587.3,158.6,648.7,188.5,kitti_mini,000016,0.0,0.4,dropout_60pct
Car,44.63,2,0.0,6,0.9792,0.1895,661.2,174.8,694.4,197.6,kitti_mini,000016,0.0,0.2,dropout_80pct
Truck,28.14,2,0.0,393,0.9573,0.523,125.1,91.7,474.0,253.3,kitti_mini,000016,0.0,0.2,dropout_80pct
Car,33.47,0,0.0,5,0.9602,0.3482,684.5,172.2,733.8,205.3,kitti_mini,000016,0.0,0.2,dropout_80pct
Car,7.27,0,0.5,402,0.7449,0.8585,0.0,193.6,386.2,374.0,kitti_mini,000016,0.0,0.2,dropout_80pct
Car,47.22,0,0.0,0,0.9752,0.0,494.4,181.8,527.5,205.3,kitti_mini,000016,0.0,0.2,dropout_80pct
Tram,90.98,2,0.0,0,0.9411,0.0,587.3,158.6,648.7,188.5,kitti_mini,000016,0.0,0.2,dropout_80pct
